{
  "project_title": "Cyber DNA: Leakage-Free Behavioral Authentication on CMU CERT r4.2",
  "dataset": {
    "name": "CMU CERT r4.2",
    "train_split": "Weeks 1-52",
    "test_split": "Weeks 53-72",
    "evaluation_protocol": "Strict chronological leakage-free split",
    "test_support_malicious": 82
  },
  "final_summary": {
    "best_configuration": "E. Full Phase 11",
    "final_f1": 0.4840764331210191,
    "final_precision": 0.5066666666666667,
    "final_recall": 0.4634146341463415,
    "final_auprc": 0.4490324814084242,
    "threshold": 0.3,
    "tp": 38,
    "fp": 37,
    "fn": 44,
    "num_features": 29
  },
  "baseline_vs_final": {
    "baseline": {
      "name": "A. Baseline Verified",
      "precision": 0.6363636363636364,
      "recall": 0.3414634146341463,
      "f1": 0.4444444444444445,
      "auprc": 0.4059170189341204,
      "tp": 28,
      "fp": 16,
      "fn": 54,
      "threshold": 0.5,
      "num_features": 16
    },
    "final": {
      "name": "E. Full Phase 11",
      "precision": 0.5066666666666667,
      "recall": 0.4634146341463415,
      "f1": 0.4840764331210191,
      "auprc": 0.4490324814084242,
      "tp": 38,
      "fp": 37,
      "fn": 44,
      "threshold": 0.3,
      "num_features": 29
    }
  },
  "ablation_results": [
    {
      "configuration": "A. Baseline Verified",
      "num_features": 16,
      "threshold_selected": 0.5,
      "num_test_alerts": 44,
      "tp": 28,
      "fp": 16,
      "fn": 54,
      "precision": 0.6363636363636364,
      "recall": 0.3414634146341463,
      "f1": 0.4444444444444445,
      "auprc": 0.4059170189341204,
      "test_support_malicious": 82
    },
    {
      "configuration": "Baseline Tuned",
      "num_features": 16,
      "threshold_selected": 0.5,
      "num_test_alerts": 44,
      "tp": 28,
      "fp": 16,
      "fn": 54,
      "precision": 0.6363636363636364,
      "recall": 0.3414634146341463,
      "f1": 0.4444444444444445,
      "auprc": 0.4059170189341204,
      "test_support_malicious": 82
    },
    {
      "configuration": "B. Baseline + USB",
      "num_features": 20,
      "threshold_selected": 0.5,
      "num_test_alerts": 41,
      "tp": 27,
      "fp": 14,
      "fn": 55,
      "precision": 0.6585365853658537,
      "recall": 0.3292682926829268,
      "f1": 0.4390243902439025,
      "auprc": 0.4167794395167213,
      "test_support_malicious": 82
    },
    {
      "configuration": "C. Baseline + Workstation Diversity",
      "num_features": 19,
      "threshold_selected": 0.65,
      "num_test_alerts": 36,
      "tp": 21,
      "fp": 15,
      "fn": 61,
      "precision": 0.5833333333333334,
      "recall": 0.2560975609756097,
      "f1": 0.3559322033898305,
      "auprc": 0.3578443441136349,
      "test_support_malicious": 82
    },
    {
      "configuration": "D. Baseline + Off-Hours",
      "num_features": 20,
      "threshold_selected": 0.55,
      "num_test_alerts": 39,
      "tp": 26,
      "fp": 13,
      "fn": 56,
      "precision": 0.6666666666666666,
      "recall": 0.3170731707317073,
      "f1": 0.4297520661157025,
      "auprc": 0.4150728202942801,
      "test_support_malicious": 82
    },
    {
      "configuration": "E. Full Phase 11",
      "num_features": 29,
      "threshold_selected": 0.3,
      "num_test_alerts": 75,
      "tp": 38,
      "fp": 37,
      "fn": 44,
      "precision": 0.5066666666666667,
      "recall": 0.4634146341463415,
      "f1": 0.4840764331210191,
      "auprc": 0.4490324814084242,
      "test_support_malicious": 82
    }
  ],
  "feature_importance": [
    {
      "feature": "weekend_activity",
      "importance": 0.298762
    },
    {
      "feature": "usb_transfers",
      "importance": 0.16887689
    },
    {
      "feature": "usb_after_hours_count",
      "importance": 0.10730042
    },
    {
      "feature": "login_freq",
      "importance": 0.103923775
    },
    {
      "feature": "usb_active_days",
      "importance": 0.06195625
    },
    {
      "feature": "after_hours_logins",
      "importance": 0.047702238
    },
    {
      "feature": "new_pc_count",
      "importance": 0.03191985
    },
    {
      "feature": "BDS",
      "importance": 0.03067855
    },
    {
      "feature": "weekend_logon_ratio",
      "importance": 0.027042786
    },
    {
      "feature": "BC",
      "importance": 0.025420005
    },
    {
      "feature": "avg_session_duration",
      "importance": 0.022752887
    },
    {
      "feature": "active_hours_ratio",
      "importance": 0.021065978
    },
    {
      "feature": "workstation_diversity",
      "importance": 0.02034766
    },
    {
      "feature": "usb_weekend_count",
      "importance": 0.018443873
    },
    {
      "feature": "pc_switch_count",
      "importance": 0.013806877
    },
    {
      "feature": "usb_event_count",
      "importance": 0
    },
    {
      "feature": "response_time",
      "importance": 0
    },
    {
      "feature": "email_freq",
      "importance": 0
    },
    {
      "feature": "contact_diversity",
      "importance": 0
    },
    {
      "feature": "reciprocity_ratio",
      "importance": 0
    },
    {
      "feature": "vocab_diversity",
      "importance": 0
    },
    {
      "feature": "after_hours_logon_ratio",
      "importance": 0
    },
    {
      "feature": "after_hours_logon_count",
      "importance": 0
    },
    {
      "feature": "unique_pc_count",
      "importance": 0
    },
    {
      "feature": "weekend_logon_count",
      "importance": 0
    },
    {
      "feature": "emails_sent_weekend",
      "importance": 0
    },
    {
      "feature": "emails_sent_after_hours",
      "importance": 0
    },
    {
      "feature": "IDP",
      "importance": 0
    },
    {
      "feature": "SRC",
      "importance": 0
    }
  ],
  "key_findings": [
    "Full Phase 11 was the best-performing configuration, improving F1 from 44.44% to 48.41% and recall from 34.15% to 46.34%.",
    "The improvement came from richer behavioral context, especially when USB, off-hours, email-intensity, and baseline temporal features were combined.",
    "USB and off-hours features alone mainly improved ranking/precision behavior, but did not independently maximize recall.",
    "Workstation diversity features underperformed in isolation and likely introduced noise in CERT due to benign multi-machine usage patterns.",
    "The final operating threshold shifted to 0.30, indicating that the richer feature space benefited from a more recall-oriented decision boundary.",
    "The evaluation remained strictly leakage-free, preserving chronological splitting and train-only threshold tuning."
  ],
  "final_model_details": {
    "name": "E. Full Phase 11",
    "feature_blocks": [
      "Baseline behavioral features",
      "USB features",
      "Workstation diversity features",
      "Off-hours behavior features",
      "Email-intensity features",
      "BDS / IDP / BC / SRC mathematical features"
    ],
    "threshold_strategy": "5-fold Stratified CV on training partition only",
    "selected_threshold": 0.3,
    "why_selected": "Maximized F1 on train-only validation folds",
    "leakage_free": true
  },
  "research_notes": {
    "main_conclusion": "Leakage-free Phase 11 feature expansion improved overall insider-threat detection quality on CERT r4.2.",
    "precision_recall_tradeoff": "Full Phase 11 increased false positives relative to the baseline, but captured 10 additional malicious weeks and improved F1/AUPRC.",
    "weak_block": "Workstation diversity features were noisy in isolation.",
    "final_recommendation": "Freeze the project on the verified Full Phase 11 model for final presentation and report submission."
  },
  "dashboard_computed_metrics": {
    "temporal_drift": [
      {
        "week": "W1",
        "benign_bds": 0.0,
        "malicious_bds": 0.0
      },
      {
        "week": "W2",
        "benign_bds": 2.7038927323448907,
        "malicious_bds": 0.0
      },
      {
        "week": "W3",
        "benign_bds": 2.8521115863348725,